Reference,Quantity,Value,Tolerance,Package,Part Number,Description,Source
"C1,C3",2,10uF,,0805,,USB VBUS bulk,
"C2,C7-C18,C21",14,100nF,,0402,,USB VBUS HF decoupling,
C4,1,22uF,,0805,,U6 buck output (COUT) on +1V0,
C5,1,1uF,,0603,,U4 LDO input,[AP-DS] AP2112 needs >=1uF on the input
C6,1,10uF,,0603,,U4 LDO output on +3V3,"[AP-DS] needs >=1uF for loop stability. design-guide.md once said 100nF here, which would risk instability - see OPEN_QUESTIONS.md value table."
"C19,C20",2,39pF,C0G,0402,,"Y1 load capacitor, CKXTAL1 side",[OLIMEX] 39pF C0G with a 25MHz/20ppm/20pF crystal. TBD until the crystal is picked - size from its actual CL. See Y1 design_notes.
J2,1,LPJG16402AQNL,,"THT, right-angle, tab-up, 21.25 x 15.95 x 13.45 mm",LPJG16402AQNL,"1000BASE-T RJ45 MagJack with integrated magnetics, integrated Bob Smith termination and bi-colour LEDs. Replaces the HR911105A, which was a 10/100-only part - see OPEN_QUESTIONS.md item 4.","[LPJG] LINK-PP drawing LP11021122 rev A, sheets 1/2 (schematic) and 2/2 (mechanical). Title ""RJ45 Connector With 1000 Base-TX Integrated Magnetic"". UL file E484"
J3,1,USB3-A-Plug,,SMT horizontal,692112030100,"USB 3.0 Type-A plug to the Pi's blue USB 3.0 port. Supplies board power. Chosen over USB-C: the Pi 4's USB-C port is USB 2.0 OTG only (~320 Mbit/s measured by Olimex with this same PHY), and a USB-C receptacle would need a SuperSpeed mux to handle both plug orientations. See OPEN_QUESTIONS.md.","Standard USB 3.0 Type-A pinout, matched against the KiCad-maintained footprint for Wuerth 692112030100 (pads 1-9 plus SH shield)."
L2,1,2.2uH,,1210 or similar shielded,,Buck output inductor for the 1.0V rail,"[SY8089] inductor equation, 1 A design point - see U6 design_notes"
R5,1,10.0K,1%,0402,,"Buck feedback divider, top (LX/output side)",[SY8089] Vout = 0.6 x (1 + R5/R6) -> 1.000 V
R6,1,15.0K,1%,0402,,"Buck feedback divider, bottom (to GND)",[SY8089] Vout = 0.6 x (1 + R5/R6) -> 1.000 V
"R7,R8",2,1K,,0402,,"Series resistor, J2 yellow LED",[OLIMEX] use 1K for the same role (~1mA). See J2 design_notes.leds
R11,1,2.49K,1%,0402,,"RSET current reference for U3, to GND","[OLIMEX] traced: U3.RSET -> R8.1, R8.2 -> GND, R8 = 2.49k 1%. Not stated in [RTL-DS]; verify on first build. See OPEN_QUESTIONS.md 3e."
U3,1,RTL8153B,,"QFN-40, 5x5mm, exposed pad",RTL8153B-VB-CG,USB 3.0 to Gigabit Ethernet controller,[RTL-DS] - 40 pins + exposed pad = pin 41
U4,1,AP2112K-3.3,,SOT-23-5,AP2112K-3.3TRG1,3.3V 600mA LDO,[AP-DS]. Required - see OPEN_QUESTIONS.md 3d
U6,1,SY8089AAAC,,SOT-23-5,SY8089AAAC,1.0V buck converter for the RTL8153B core rails,"[SY8089] Silergy SY8089/SY8089A datasheet + AN_SY8089. 2.7-5.5V in, 2A continuous / 3A peak, 1MHz fixed switching frequency. Vout = 0.6 x (1 + R1/R2), VREF = 0."
Y1,1,25MHz,,3215,,25MHz crystal for U3 clock reference,[RTL-DS] 'Supports 25MHz Crystal'
